<!DOCTYPE module PUBLIC
        "-//Checkstyle//DTD Checkstyle Configuration 1.3//EN"
        "https://checkstyle.org/dtds/configuration_1_3.dtd">
<module name="Checker">
    <property name="severity" value="warning"/>

    <module name="TreeWalker">
        <module name="LeftCurly"/>
        <module name="RightCurly">
            <property name="id" value="RightCurlySame"/>
            <property name="tokens"
                      value="LITERAL_TRY, LITERAL_CATCH, LITERAL_FINALLY, LITERAL_IF, LITERAL_ELSE,
                    LITERAL_DO"/>
        </module>
        <module name="RightCurly">
            <property name="id" value="RightCurlyAlone"/>
            <property name="option" value="alone_or_singleline"/>
            <property name="tokens"
                      value="CLASS_DEF, METHOD_DEF, CTOR_DEF, LITERAL_FOR, LITERAL_WHILE, STATIC_INIT,
                    INSTANCE_INIT" />
        </module>
        <module name="WhitespaceAround">
            <property name="allowEmptyConstructors" value="true"/>
            <property name="allowEmptyLambdas" value="true"/>
            <property name="allowEmptyMethods" value="true"/>
            <property name="allowEmptyTypes" value="true"/>
            <property name="allowEmptyLoops" value="true"/>
            <property name="allowEmptyCatches" value="true"/>
            <message key="ws.notFollowed"
                     value="WhitespaceAround: ''{0}'' is not followed by whitespace."/>
            <message key="ws.notPreceded"
                     value="WhitespaceAround: ''{0}'' is not preceded with whitespace."/>
        </module>

        <module name="OneStatementPerLine"/>
        <module name="WhitespaceAfter">
            <property name="tokens" value="COMMA"/>
        </module>
        <module name="UnusedImports"/>
        <module name="SuppressionCommentFilter"/>
        <module name="PackageName">
            <property name="format" value="^[a-z]+(\.[a-z][a-z0-9]*)*$"/>
            <message key="name.invalidPattern"
                     value="Package name ''{0}'' must match pattern ''{1}''."/>
        </module>

        <module name="TypeName">
            <message key="name.invalidPattern"
                     value="Type name ''{0}'' must match pattern ''{1}''."/>
        </module>

        <module name="GenericWhitespace">
            <message key="ws.followed"
                     value="GenericWhitespace ''{0}'' is followed by whitespace."/>
            <message key="ws.preceded"
                     value="GenericWhitespace ''{0}'' is preceded with whitespace."/>
            <message key="ws.illegalFollow"
                     value="GenericWhitespace ''{0}'' should followed by whitespace."/>
            <message key="ws.notPreceded"
                     value="GenericWhitespace ''{0}'' is not preceded with whitespace."/>
        </module>
    </module>
    <module name="RegexpMultiline">
        <property name="format" value="else[ \t]*[\r\n]+[ \t]*if"/>
        <property name="message" value="Newline should not be between else and if"/>
    </module>
</module>